date,close,breadth
2018-01-01,1000.0,0.5
2018-01-02,997.6005,0.5
2018-01-03,1004.676,0.5
2018-01-04,1018.7181,0.5
2018-01-05,1023.5196,0.5
2018-01-08,1035.6086,0.5
2018-01-09,1026.8385,0.5
2018-01-10,1022.6904,0.5
2018-01-11,1021.8494,0.5
2018-01-12,1019.8814,0.5
2018-01-15,1019.9742,0.5
2018-01-16,996.7238,0.5
2018-01-17,1002.3449,0.5
2018-01-18,977.4574,0.5
2018-01-19,980.3045,0.5
2018-01-22,986.2435,0.5
2018-01-23,992.8796,0.5
2018-01-24,987.6404,0.5
2018-01-25,979.9887,0.5
2018-01-29,970.5518,0.5
2018-01-30,963.593,0.5
2018-01-31,953.4302,0.5
2018-02-01,948.3875,0.5
2018-02-02,908.454,0.5
2018-02-05,902.8418,0.5
2018-02-06,882.7036,0.5
2018-02-07,896.6653,0.5
2018-02-08,918.2224,0.5
2018-02-09,923.2777,0.5
2018-02-12,946.2075,0.2105
2018-02-14,947.9561,0.2368
2018-02-15,939.7896,0.1842
2018-02-16,928.8414,0.1579
2018-02-19,913.8059,0.1316
2018-02-20,914.0844,0.1053
2018-02-21,909.3015,0.0789
2018-02-22,904.3247,0.1053
2018-02-23,921.4096,0.1316
2018-02-26,926.6192,0.1579
2018-02-27,920.6873,0.1842
2018-02-28,916.6508,0.1316
2018-03-01,918.0341,0.1579
2018-03-05,905.9814,0.1053
2018-03-06,898.1947,0.0789
2018-03-07,877.4661,0.0789
2018-03-08,875.7843,0.1053
2018-03-09,874.9904,0.0789
2018-03-12,882.564,0.1316
2018-03-13,891.441,0.1842
2018-03-14,889.4058,0.1053
2018-03-15,894.1385,0.1579
2018-03-16,881.9942,0.0526
2018-03-19,863.9298,0.0526
2018-03-20,860.3456,0.0789
2018-03-21,854.732,0.1026
2018-03-22,837.8246,0.0769
2018-03-23,824.9487,0.0256
2018-03-26,832.4627,0.1282
2018-03-27,840.6493,0.1026
2018-03-28,829.2464,0.0513
2018-04-02,855.2889,0.1795
2018-04-03,870.4715,0.2308
2018-04-04,864.1158,0.1795
2018-04-05,879.0053,0.2821
2018-04-06,885.8075,0.3077
2018-04-09,890.7576,0.3846
2018-04-10,890.9335,0.359
2018-04-11,890.1639,0.4103
2018-04-12,887.2811,0.359
2018-04-13,884.9308,0.3846
2018-04-16,889.5548,0.4359
2018-04-17,891.7629,0.4103
2018-04-18,890.9775,0.4615
2018-04-19,899.668,0.5897
2018-04-20,892.0319,0.6154
2018-04-23,900.1059,0.641
2018-04-24,896.7345,0.6154
2018-04-25,885.0329,0.4872
2018-04-26,887.1299,0.5897
2018-04-27,891.884,0.5385
2018-04-30,898.3284,0.5897
2018-05-02,886.618,0.5897
2018-05-03,869.2849,0.5128
2018-05-04,862.611,0.4103
2018-05-07,864.3823,0.4359
2018-05-08,861.8796,0.4615
2018-05-09,861.0341,0.4103
2018-05-10,849.3337,0.2821
2018-05-11,846.8012,0.3077
2018-05-14,835.7383,0.359
2018-05-15,834.1382,0.2821
2018-05-16,829.8958,0.2564
2018-05-17,834.908,0.2564
2018-05-18,817.6079,0.1026
2018-05-21,802.0629,0.0769
2018-05-22,811.2512,0.1026
2018-05-23,806.5903,0.1026
2018-05-24,803.3434,0.1026
2018-05-25,815.6689,0.1538
2018-05-28,832.6557,0.2051
2018-05-29,831.6097,0.2051
2018-05-30,835.1889,0.2821
2018-05-31,817.5445,0.2564
2018-06-01,803.8931,0.1795
2018-06-04,791.0246,0.1538
2018-06-05,772.3156,0.0256
2018-06-06,779.6466,0.0256
2018-06-07,794.1968,0.1026
2018-06-08,798.1564,0.1026
2018-06-11,810.6054,0.1282
2018-06-12,816.6629,0.2308
2018-06-13,814.3298,0.2308
2018-06-14,812.5295,0.2564
2018-06-15,809.328,0.2308
2018-06-18,804.3183,0.2564
2018-06-19,790.2591,0.1282
2018-06-20,792.1044,0.1282
2018-06-21,782.8443,0.1282
2018-06-22,788.0007,0.1538
2018-06-25,778.0237,0.1282
2018-06-26,771.9315,0.1538
2018-06-27,755.493,0.1538
2018-06-28,744.6543,0.1026
2018-06-29,761.5853,0.1538
2018-07-02,757.1886,0.1538
2018-07-03,764.9061,0.1795
2018-07-04,768.2942,0.1795
2018-07-05,764.1365,0.1795
2018-07-06,769.6901,0.1538
2018-07-09,780.6677,0.2564
2018-07-10,785.9841,0.2821
2018-07-11,780.1346,0.2051
2018-07-12,776.5354,0.2821
2018-07-13,768.3099,0.2051
2018-07-16,746.7504,0.1282
2018-07-17,754.9427,0.1538
2018-07-18,741.4244,0.1282
2018-07-19,729.0074,0.1282
2018-07-20,736.5634,0.1282
2018-07-23,752.5728,0.1538
2018-07-24,776.6327,0.2564
2018-07-25,775.1005,0.2821
2018-07-26,774.9196,0.2564
2018-07-27,786.3135,0.325
2018-07-30,795.7875,0.35
2018-07-31,808.4901,0.5
2018-08-01,813.4952,0.525
2018-08-02,812.2179,0.5
2018-08-03,821.2657,0.55
2018-08-06,823.7185,0.55
2018-08-07,819.9522,0.55
2018-08-08,821.4298,0.525
2018-08-09,821.5202,0.6
2018-08-10,817.9024,0.525
2018-08-13,813.3898,0.525
2018-08-14,819.7991,0.55
2018-08-16,817.1013,0.575
2018-08-17,823.7153,0.55
2018-08-20,836.676,0.65
2018-08-21,839.4543,0.7
2018-08-23,837.8996,0.7
2018-08-24,836.2983,0.7
2018-08-27,835.7823,0.725
2018-08-28,841.3573,0.75
2018-08-29,843.6327,0.725
2018-08-30,846.8054,0.75
2018-08-31,854.5378,0.75
2018-09-03,851.9662,0.725
2018-09-04,835.5267,0.65
2018-09-05,825.4444,0.65
2018-09-06,836.5077,0.65
2018-09-07,839.8608,0.65
2018-09-10,828.8794,0.7
2018-09-11,819.4534,0.575
2018-09-12,819.9716,0.625
2018-09-14,837.5419,0.65
2018-09-17,838.361,0.675
2018-09-18,829.5281,0.55
2018-09-19,820.5778,0.525
2018-09-21,799.1507,0.375
2018-09-24,781.5288,0.35
2018-09-25,775.8739,0.3
2018-09-26,779.2249,0.3
2018-09-27,764.4174,0.275
2018-09-28,737.8808,0.275
2018-10-01,735.7743,0.275
2018-10-03,739.3484,0.275
2018-10-04,726.4253,0.1
2018-10-05,709.2688,0.075
2018-10-08,694.8173,0.025
2018-10-09,695.5249,0.05
2018-10-10,723.1871,0.1
2018-10-11,710.3447,0.075
2018-10-12,729.0811,0.1
2018-10-15,744.3212,0.175
2018-10-16,756.2417,0.225
2018-10-17,740.4524,0.15
2018-10-19,732.6181,0.125
2018-10-22,725.1151,0.125
2018-10-23,715.2929,0.1
2018-10-24,717.907,0.125
2018-10-25,708.4477,0.05
2018-10-26,711.9458,0.075
2018-10-29,733.9268,0.175
2018-10-30,738.1072,0.175
2018-10-31,752.7693,0.275
2018-11-01,758.0162,0.275
2018-11-02,765.4831,0.325
2018-11-05,766.29,0.4
2018-11-06,768.1656,0.4
2018-11-07,777.7486,0.45
2018-11-09,783.2658,0.5
2018-11-12,774.7374,0.475
2018-11-13,774.0285,0.45
2018-11-14,773.2333,0.4
2018-11-15,772.5465,0.475
2018-11-16,770.9951,0.4
2018-11-19,773.7313,0.425
2018-11-20,764.8515,0.425
2018-11-21,767.699,0.5
2018-11-22,767.3659,0.45
2018-11-26,769.5754,0.5
2018-11-27,773.9429,0.5
2018-11-28,764.4275,0.475
2018-11-29,764.1217,0.525
2018-11-30,766.6248,0.5
2018-12-03,771.9588,0.575
2018-12-04,769.6326,0.525
2018-12-05,757.6303,0.475
2018-12-06,747.2161,0.475
2018-12-07,740.5441,0.4
2018-12-10,723.2533,0.35
2018-12-11,733.7458,0.425
2018-12-12,749.3882,0.475
2018-12-13,754.9109,0.5
2018-12-14,753.4695,0.525
2018-12-17,755.3979,0.475
2018-12-18,757.5455,0.55
2018-12-19,766.1836,0.6
2018-12-20,765.8202,0.625
2018-12-21,754.9711,0.525
2018-12-24,749.4654,0.425
2018-12-26,745.633,0.425
2018-12-27,743.6866,0.45
2018-12-28,749.951,0.475
2018-12-31,754.5522,0.525
2019-01-01,706.5893,0.25
2019-01-02,702.0769,0.225
2019-01-03,698.8671,0.2
2019-01-04,704.7831,0.2
2019-01-07,711.3353,0.225
2019-01-08,708.1235,0.175
2019-01-09,704.0932,0.2
2019-01-10,705.4381,0.175
2019-01-11,701.6407,0.2
2019-01-14,699.3412,0.175
2019-01-15,702.9167,0.2
2019-01-16,701.6744,0.25
2019-01-17,697.8453,0.175
2019-01-18,693.1017,0.15
2019-01-21,692.4981,0.15
2019-01-22,690.6638,0.2
2019-01-23,686.085,0.175
2019-01-24,682.5078,0.15
2019-01-25,674.9468,0.175
2019-01-28,659.978,0.125
2019-01-29,665.0941,0.15
2019-01-30,666.1585,0.1282
2019-01-31,669.2306,0.1795
2019-02-01,668.0256,0.1795
2019-02-04,654.3829,0.1026
2019-02-05,642.3042,0.1026
2019-02-06,641.616,0.1026
2019-02-07,651.3237,0.1795
2019-02-08,647.5387,0.2051
2019-02-11,633.6506,0.1538
2019-02-12,629.471,0.1538
2019-02-14,624.0395,0.1282
2019-02-15,621.4201,0.1026
2019-02-18,619.0829,0.1282
2019-02-19,624.278,0.1026
2019-02-20,632.7496,0.1282
2019-02-21,643.3015,0.1282
2019-02-22,653.2828,0.2308
2019-02-25,657.5979,0.2308
2019-02-26,655.7883,0.2308
2019-02-27,657.6513,0.2051
2019-02-28,663.6126,0.2564
2019-03-01,678.5727,0.2821
2019-03-05,701.1208,0.5128
2019-03-06,706.0406,0.5897
2019-03-07,706.8045,0.641
2019-03-08,708.4161,0.641
2019-03-11,721.1481,0.7692
2019-03-12,735.1316,0.8462
2019-03-13,724.6879,0.7949
2019-03-14,723.3713,0.7436
2019-03-15,722.9809,0.7949
2019-03-18,721.5535,0.7949
2019-03-19,725.1339,0.7692
2019-03-20,720.644,0.7179
2019-03-22,715.383,0.641
2019-03-25,705.5631,0.6154
2019-03-26,709.1684,0.6923
2019-03-27,705.5197,0.6923
2019-03-28,708.6417,0.7692
2019-04-01,722.7463,0.7436
2019-04-02,724.6253,0.7949
2019-04-03,717.4467,0.8205
2019-04-04,716.0628,0.7692
2019-04-05,717.4918,0.8718
2019-04-08,718.8711,0.7436
2019-04-09,718.1734,0.7949
2019-04-10,714.3337,0.7692
2019-04-11,713.3867,0.7436
2019-04-12,717.2275,0.7949
2019-04-15,717.592,0.7692
2019-04-16,722.6289,0.7949
2019-04-18,717.8956,0.6667
2019-04-22,714.5243,0.641
2019-04-23,711.4704,0.641
2019-04-24,713.8462,0.6667
2019-04-25,707.3714,0.5641
2019-04-26,706.2709,0.5897
2019-04-30,696.5672,0.4359
2019-05-02,694.7081,0.4103
2019-05-03,692.0562,0.359
2019-05-06,683.8789,0.3077
2019-05-07,678.1227,0.2564
2019-05-08,666.4195,0.2308
2019-05-09,661.5993,0.1538
2019-05-10,665.0752,0.1538
2019-05-13,649.6521,0.0769
2019-05-14,654.4414,0.1026
2019-05-15,651.7521,0.0769
2019-05-16,653.3549,0.1026
2019-05-17,654.6599,0.1026
2019-05-20,676.2395,0.2564
2019-05-21,671.376,0.2051
2019-05-22,676.7662,0.2308
2019-05-23,677.6049,0.2051
2019-05-24,696.8553,0.359
2019-05-27,713.7426,0.5128
2019-05-28,715.7138,0.5385
2019-05-29,719.3753,0.5641
2019-05-30,718.0356,0.5897
2019-05-31,712.2905,0.5385
2019-06-03,714.1019,0.5641
2019-06-04,715.7634,0.5385
2019-06-06,706.142,0.5641
2019-06-07,700.8673,0.4103
2019-06-10,699.2276,0.4615
2019-06-11,705.2315,0.5128
2019-06-12,700.2332,0.4615
2019-06-13,698.0599,0.359
2019-06-14,689.8403,0.3077
2019-06-17,680.9088,0.2564
2019-06-18,677.8212,0.2308
2019-06-19,670.0808,0.2821
2019-06-20,682.1061,0.359
2019-06-21,683.2805,0.3333
2019-06-24,680.1192,0.3077
2019-06-25,680.4582,0.359
2019-06-26,686.7928,0.3333
2019-06-27,690.5527,0.4103
2019-06-28,686.2181,0.359
2019-07-01,690.5434,0.4103
2019-07-02,690.5101,0.4615
2019-07-03,692.4589,0.4615
2019-07-04,690.9103,0.4615
2019-07-05,682.3257,0.4359
2019-07-08,671.5806,0.3077
2019-07-09,676.3352,0.2821
2019-07-10,671.9195,0.2308
2019-07-11,675.206,0.2051
2019-07-12,673.1147,0.2821
2019-07-15,668.3944,0.2821
2019-07-16,669.6444,0.3077
2019-07-17,672.1303,0.3846
2019-07-18,663.9007,0.2564
2019-07-19,660.4894,0.2308
2019-07-22,658.0406,0.2564
2019-07-23,654.5305,0.1795
2019-07-24,644.0561,0.1026
2019-07-25,644.9125,0.1538
2019-07-26,645.0369,0.1795
2019-07-29,631.8943,0.1282
2019-07-30,616.8543,0.0769
2019-07-31,618.9695,0.0769
2019-08-01,608.7003,0.1026
2019-08-02,607.7926,0.0769
2019-08-05,598.1877,0.0769
2019-08-06,608.3817,0.0769
2019-08-07,610.0879,0.1026
2019-08-08,615.1318,0.1282
2019-08-09,615.4297,0.1538
2019-08-13,608.1402,0.1282
2019-08-14,611.4591,0.1795
2019-08-16,612.6657,0.1282
2019-08-19,618.0633,0.2051
2019-08-20,611.8605,0.1795
2019-08-21,596.7569,0.0769
2019-08-22,581.5855,0.1026
2019-08-23,588.436,0.1538
2019-08-26,590.5047,0.1538
2019-08-27,603.6163,0.1795
2019-08-28,595.2572,0.1795
2019-08-29,591.0703,0.2051
2019-08-30,597.444,0.1795
2019-09-03,585.1271,0.2051
2019-09-04,588.7822,0.2564
2019-09-05,595.5739,0.2564
2019-09-06,604.1181,0.3077
2019-09-09,609.3225,0.3077
2019-09-11,624.2968,0.4103
2019-09-12,630.8901,0.4615
2019-09-13,635.027,0.4359
2019-09-16,641.2827,0.5128
2019-09-17,633.6174,0.4359
2019-09-18,639.4723,0.5128
2019-09-19,632.5744,0.4103
2019-09-20,648.7969,0.5897
2019-09-23,658.9529,0.6667
2019-09-24,658.2399,0.6667
2019-09-25,648.6685,0.6923
2019-09-26,655.5585,0.6923
2019-09-27,649.1589,0.6923
2019-09-30,638.1524,0.5897
2019-10-01,623.9678,0.4872
2019-10-03,619.4688,0.4103
2019-10-04,616.9667,0.3846
2019-10-07,603.3878,0.2564
2019-10-09,608.1373,0.4359
2019-10-10,603.2751,0.359
2019-10-11,600.5176,0.3846
2019-10-14,603.9751,0.3846
2019-10-15,607.224,0.4103
2019-10-16,613.2664,0.4103
2019-10-17,622.4495,0.5385
2019-10-18,632.7043,0.6667
2019-10-22,631.6691,0.6923
2019-10-23,633.9704,0.7179
2019-10-24,629.9087,0.5641
2019-10-25,625.5749,0.5385
2019-10-27,634.9096,0.5897
2019-10-29,638.6499,0.6667
2019-10-30,646.678,0.6923
2019-10-31,653.1859,0.6923
2019-11-01,660.7213,0.7436
2019-11-04,668.4808,0.7949
2019-11-05,663.1868,0.7692
2019-11-06,665.1785,0.7692
2019-11-07,670.1392,0.7179
2019-11-08,666.1187,0.6154
2019-11-11,665.3683,0.6154
2019-11-13,657.2152,0.4872
2019-11-14,652.3662,0.4615
2019-11-15,656.9032,0.5385
2019-11-18,658.1281,0.5385
2019-11-19,663.7952,0.5385
2019-11-20,665.6999,0.5897
2019-11-21,663.034,0.5641
2019-11-22,668.0237,0.5641
2019-11-25,679.2416,0.641
2019-11-26,676.9961,0.5641
2019-11-27,682.51,0.5385
2019-11-28,687.6076,0.5897
2019-11-29,683.9763,0.5641
2019-12-02,681.3945,0.4872
2019-12-03,669.7078,0.4872
2019-12-04,671.7208,0.5128
2019-12-05,670.4035,0.4872
2019-12-06,667.6119,0.5128
2019-12-09,668.9086,0.4872
2019-12-10,659.7952,0.5128
2019-12-11,656.1966,0.4103
2019-12-12,663.5021,0.4872
2019-12-13,671.1473,0.5385
2019-12-16,669.0257,0.4872
2019-12-17,668.4969,0.4615
2019-12-18,665.3777,0.4872
2019-12-19,662.3056,0.4359
2019-12-20,660.5271,0.359
2019-12-23,659.3379,0.4103
2019-12-24,657.218,0.3846
2019-12-26,658.569,0.3846
2019-12-27,660.6207,0.4103
2019-12-30,663.112,0.4615
2019-12-31,663.8315,0.5641
2020-01-01,670.0344,0.5128
2020-01-02,688.318,0.6154
2020-01-03,691.1564,0.6154
2020-01-06,674.5532,0.5385
2020-01-07,683.5485,0.6154
2020-01-08,680.2544,0.5385
2020-01-09,690.1678,0.6667
2020-01-10,694.9097,0.6923
2020-01-13,704.7738,0.7436
2020-01-14,708.2012,0.7436
2020-01-15,710.8841,0.7436
2020-01-16,715.4116,0.7179
2020-01-17,714.8815,0.7179
2020-01-20,708.3943,0.6923
2020-01-21,712.0879,0.6667
2020-01-22,710.5751,0.6667
2020-01-23,718.0328,0.6667
2020-01-24,719.2723,0.6923
2020-01-27,718.1439,0.6923
2020-01-28,714.4698,0.6923
2020-01-29,714.8247,0.641
2020-01-30,705.3276,0.6154
2020-01-31,697.8888,0.5897
2020-02-03,670.2341,0.2821
2020-02-04,682.4389,0.3846
2020-02-05,686.5973,0.4615
2020-02-06,695.0207,0.5385
2020-02-07,700.1705,0.5641
2020-02-10,692.8678,0.359
2020-02-11,693.9805,0.4615
2020-02-12,689.5495,0.359
2020-02-13,685.8406,0.3333
2020-02-14,682.0483,0.3077
2020-02-17,674.9282,0.2821
2020-02-18,671.1135,0.3077
2020-02-19,685.0552,0.3333
2020-02-20,685.8657,0.3077
2020-02-24,670.2046,0.2821
2020-02-25,666.1979,0.3077
2020-02-26,656.6509,0.2821
2020-02-27,648.9268,0.2564
2020-02-28,619.5002,0.1282
2020-03-02,611.7341,0.1282
2020-03-03,624.6178,0.2051
2020-03-04,614.4844,0.1795
2020-03-05,614.627,0.1795
2020-03-06,599.4958,0.2051
2020-03-09,568.8532,0.0769
2020-03-11,565.0217,0.0513
2020-03-12,524.0718,0.0256
2020-03-13,534.7996,0.0256
2020-03-16,507.4356,0.0
2020-03-17,502.028,0.0
2020-03-18,482.7071,0.0
2020-03-19,466.4342,0.0
2020-03-20,486.2857,0.0256
2020-03-23,441.2516,0.0256
2020-03-24,445.0368,0.0256
2020-03-25,450.0969,0.0256
2020-03-26,458.8661,0.0
2020-03-27,461.4357,0.0
2020-03-30,451.2496,0.0256
2020-03-31,465.7556,0.0513
2020-04-01,464.3603,0.0513
2020-04-03,468.4339,0.0769
2020-04-07,489.5163,0.1538
2020-04-08,503.5083,0.1795
2020-04-09,525.6075,0.2308
2020-04-13,533.8134,0.2821
2020-04-15,541.6253,0.3077
2020-04-16,556.7649,0.3077
2020-04-17,568.7363,0.359
2020-04-20,573.3714,0.4359
2020-04-21,564.7686,0.359
2020-04-22,565.5624,0.4359
2020-04-23,566.6199,0.359
2020-04-24,555.0719,0.3846
2020-04-27,561.6582,0.359
2020-04-28,557.3847,0.3846
2020-04-29,563.0305,0.4103
2020-04-30,574.6771,0.4615
2020-05-04,561.6466,0.3846
2020-05-05,549.9897,0.359
2020-05-06,550.7007,0.3846
2020-05-07,551.6942,0.3846
2020-05-08,548.8542,0.3846
2020-05-11,545.4919,0.4103
2020-05-12,543.3462,0.3846
2020-05-13,559.6421,0.5128
2020-05-14,559.9242,0.5128
2020-05-15,558.8259,0.4615
2020-05-18,548.7355,0.4615
2020-05-19,546.5206,0.5128
2020-05-20,551.8193,0.5128
2020-05-21,558.4601,0.5385
2020-05-22,555.0387,0.5385
2020-05-26,556.5494,0.5385
2020-05-27,564.2207,0.5641
2020-05-28,573.9169,0.6667
2020-05-29,579.366,0.6667
2020-06-01,594.0062,0.7949
2020-06-02,609.1237,0.8974
2020-06-03,615.7104,0.8718
2020-06-04,618.1651,0.8718
2020-06-05,637.1148,0.8974
2020-06-08,649.601,0.8974
2020-06-09,653.3774,0.8974
2020-06-10,662.5644,0.9231
2020-06-11,650.2946,0.8718
2020-06-12,653.2169,0.8718
2020-06-15,654.9667,0.8974
2020-06-16,652.3118,0.9231
2020-06-17,655.8354,0.8718
2020-06-18,672.404,0.8718
2020-06-19,684.1867,0.8718
2020-06-22,692.8696,0.8974
2020-06-23,709.7073,0.9744
2020-06-24,698.7519,0.9744
2020-06-25,702.8714,0.9487
2020-06-26,706.2714,0.9744
2020-06-29,697.6678,0.9487
2020-06-30,697.1374,0.8974
2020-07-01,697.2801,0.8718
2020-07-02,708.917,0.8974
2020-07-03,713.2675,0.9487
2020-07-06,720.232,0.9231
2020-07-07,720.1536,0.8974
2020-07-08,713.1676,0.8718
2020-07-09,713.2695,0.8718
2020-07-10,707.3504,0.8462
2020-07-13,703.3261,0.8718
2020-07-14,698.5667,0.8462
2020-07-15,697.8315,0.7949
2020-07-16,695.1778,0.7949
2020-07-17,707.13,0.8205
2020-07-20,708.9522,0.8462
2020-07-21,704.5898,0.7949
2020-07-22,701.4332,0.7949
2020-07-23,704.3667,0.7692
2020-07-24,698.8041,0.8205
2020-07-27,690.5708,0.7179
2020-07-28,689.2107,0.6923
2020-07-29,696.7751,0.7436
2020-07-30,693.7289,0.7436
2020-07-31,697.34,0.641
2020-08-03,699.5939,0.6667
2020-08-04,709.9322,0.6923
2020-08-05,708.9015,0.6667
2020-08-06,714.6565,0.641
2020-08-07,730.6289,0.6923
2020-08-10,749.4723,0.7949
2020-08-11,748.1584,0.8205
2020-08-12,753.0658,0.7949
2020-08-13,757.4446,0.7949
2020-08-14,753.7673,0.7692
2020-08-17,765.1566,0.8205
2020-08-18,774.9742,0.8462
2020-08-19,788.3741,0.8718
2020-08-20,800.4339,0.8462
2020-08-21,811.1562,0.8718
2020-08-24,823.0073,0.8718
2020-08-25,823.1812,0.8718
2020-08-26,825.0674,0.8718
2020-08-27,829.7365,0.8974
2020-08-28,827.0393,0.8718
2020-08-31,789.9683,0.7436
2020-09-01,791.1307,0.7692
2020-09-02,806.6576,0.8718
2020-09-03,818.42,0.8974
2020-09-04,807.6425,0.8974
2020-09-07,808.1487,0.8205
2020-09-08,791.2811,0.6667
2020-09-09,787.129,0.641
2020-09-10,790.3375,0.6154
2020-09-11,797.7003,0.641
2020-09-14,803.3581,0.6923
2020-09-15,816.309,0.7179
2020-09-16,821.8446,0.7692
2020-09-17,817.9405,0.7436
2020-09-18,822.3336,0.7436
2020-09-21,796.7777,0.5128
2020-09-22,778.8308,0.4103
2020-09-23,775.7226,0.4359
2020-09-24,759.4786,0.3333
2020-09-25,782.1862,0.4872
2020-09-28,801.2422,0.5128
2020-09-29,795.3795,0.5128
2020-09-30,796.9094,0.4872
2020-10-01,804.6864,0.525
2020-10-05,818.2356,0.575
2020-10-06,825.0753,0.55
2020-10-07,820.4067,0.5
2020-10-08,826.3881,0.525
2020-10-09,823.7606,0.5
2020-10-12,813.4669,0.45
2020-10-13,807.3699,0.45
2020-10-14,808.3733,0.475
2020-10-15,801.2725,0.4
2020-10-16,814.7382,0.525
2020-10-19,820.7766,0.525
2020-10-20,828.409,0.5
2020-10-21,830.046,0.475
2020-10-22,836.4539,0.525
2020-10-23,836.4805,0.425
2020-10-26,833.2117,0.475
2020-10-27,833.3201,0.475
2020-10-28,828.8017,0.4
2020-10-29,826.9054,0.375
2020-10-30,831.8167,0.4
2020-11-02,827.6076,0.35
2020-11-03,828.2873,0.35
2020-11-04,830.5017,0.425
2020-11-05,840.7712,0.525
2020-11-06,845.4576,0.55
2020-11-09,847.5971,0.55
2020-11-10,842.6278,0.475
2020-11-11,850.6735,0.525
2020-11-12,858.9652,0.625
2020-11-13,866.7793,0.65
2020-11-14,873.0818,0.675
2020-11-17,883.5267,0.65
2020-11-18,896.036,0.8
2020-11-19,905.9872,0.825
2020-11-20,916.0934,0.8
2020-11-23,936.4206,0.875
2020-11-24,950.8104,0.9
2020-11-25,939.1415,0.9
2020-11-26,944.5526,0.9
2020-11-27,959.9508,0.875
2020-12-01,981.8626,0.875
2020-12-02,988.392,0.925
2020-12-03,1009.604,0.95
2020-12-04,1014.7292,0.95
2020-12-07,1029.798,0.975
2020-12-08,1020.7035,0.975
2020-12-09,1034.2452,0.975
2020-12-10,1025.9043,0.95
2020-12-11,1032.9139,0.95
2020-12-14,1036.7969,0.975
2020-12-15,1046.5428,0.975
2020-12-16,1062.5591,1.0
2020-12-17,1054.9946,1.0
2020-12-18,1057.0736,1.0
2020-12-21,1010.5905,0.95
2020-12-22,1020.2095,0.975
2020-12-23,1055.1795,1.0
2020-12-24,1064.6604,1.0
2020-12-28,1071.9832,1.0
2020-12-29,1071.2079,1.0
2020-12-30,1075.6764,1.0
2020-12-31,1093.216,1.0
2021-01-01,1108.2248,1.0
2021-01-04,1130.7961,1.0
2021-01-05,1135.399,1.0
2021-01-06,1140.2994,1.0
2021-01-07,1157.8955,1.0
2021-01-08,1166.8283,0.975
2021-01-11,1160.26,0.975
2021-01-12,1165.9369,0.975
2021-01-13,1162.953,0.975
2021-01-14,1174.1996,0.95
2021-01-15,1157.3002,0.925
2021-01-18,1129.7951,0.925
2021-01-19,1155.0222,0.875
2021-01-20,1159.6665,0.9
2021-01-21,1148.8541,0.8
2021-01-22,1131.6269,0.725
2021-01-25,1120.4096,0.7
2021-01-27,1105.8425,0.65
2021-01-28,1113.9257,0.625
2021-01-29,1106.1607,0.6
2021-02-01,1125.8923,0.675
2021-02-02,1141.3798,0.7
2021-02-03,1159.4358,0.825
2021-02-04,1175.1575,0.875
2021-02-05,1171.1955,0.8
2021-02-08,1179.3748,0.825
2021-02-09,1178.8794,0.75
2021-02-10,1177.8176,0.75
2021-02-11,1190.5882,0.75
2021-02-12,1181.4167,0.7
2021-02-15,1177.2891,0.65
2021-02-16,1173.6409,0.725
2021-02-17,1189.6278,0.725
2021-02-18,1193.6317,0.725
2021-02-19,1179.1274,0.65
2021-02-22,1171.6624,0.65
2021-02-23,1187.3389,0.65
2021-02-24,1189.3616,0.625
2021-02-25,1206.6575,0.65
2021-02-26,1190.5997,0.6
2021-03-01,1214.4781,0.725
2021-03-02,1249.693,0.75
2021-03-03,1262.1608,0.75
2021-03-04,1270.8882,0.75
2021-03-05,1251.9398,0.725
2021-03-08,1272.4831,0.75
2021-03-09,1267.6822,0.75
2021-03-10,1289.2712,0.775
2021-03-12,1286.2267,0.775
2021-03-15,1287.637,0.75
2021-03-16,1294.2939,0.725
2021-03-17,1264.1901,0.625
2021-03-18,1237.5255,0.525
2021-03-19,1244.998,0.475
2021-03-22,1257.0097,0.55
2021-03-23,1269.0654,0.575
2021-03-24,1251.4418,0.5
2021-03-25,1226.6602,0.4
2021-03-26,1239.7755,0.45
2021-03-30,1253.8354,0.525
2021-03-31,1248.6698,0.475
2021-04-01,1281.0301,0.675
2021-04-05,1270.2696,0.6
2021-04-06,1281.6321,0.675
2021-04-07,1296.8076,0.675
2021-04-08,1311.8236,0.675
2021-04-09,1329.9732,0.7
2021-04-12,1266.793,0.425
2021-04-13,1279.2988,0.4634
2021-04-15,1292.2919,0.4634
2021-04-16,1306.6742,0.5122
2021-04-19,1278.2456,0.3902
2021-04-20,1291.3455,0.4634
2021-04-22,1304.8511,0.4878
2021-04-23,1316.0844,0.4878
2021-04-26,1316.1827,0.4634
2021-04-27,1332.9734,0.5714
2021-04-28,1346.7144,0.6667
2021-04-29,1347.2076,0.5854
2021-04-30,1351.2858,0.6098
2021-05-03,1372.9606,0.6585
2021-05-04,1360.948,0.6829
2021-05-05,1382.5907,0.6829
2021-05-06,1388.1018,0.6829
2021-05-07,1401.2781,0.7073
2021-05-10,1432.6981,0.7805
2021-05-11,1447.3548,0.8049
2021-05-12,1438.8657,0.7561
2021-05-14,1429.7904,0.7619
2021-05-17,1440.0516,0.7381
2021-05-18,1458.6153,0.881
2021-05-19,1467.0621,0.881
2021-05-20,1475.3757,0.9286
2021-05-21,1483.2748,0.881
2021-05-24,1504.3675,0.881
2021-05-25,1511.858,0.9048
2021-05-26,1530.2127,0.9048
2021-05-27,1534.4616,0.9048
2021-05-28,1513.9289,0.8571
2021-05-31,1516.7449,0.881
2021-06-01,1521.5921,0.881
2021-06-02,1539.6699,0.881
2021-06-03,1559.5273,0.9048
2021-06-04,1580.9701,0.881
2021-06-07,1610.4509,0.9048
2021-06-08,1616.2232,0.9762
2021-06-09,1610.8321,0.9524
2021-06-10,1644.7718,0.9286
2021-06-11,1649.924,0.9286
2021-06-14,1633.1468,0.9048
2021-06-15,1637.8675,0.9286
2021-06-16,1626.0848,0.9286
2021-06-17,1615.9855,0.8095
2021-06-18,1602.6894,0.8333
2021-06-21,1626.5967,0.8095
2021-06-22,1637.0734,0.8095
2021-06-23,1639.3481,0.8095
2021-06-24,1631.6386,0.7619
2021-06-25,1637.3343,0.8095
2021-06-28,1631.9186,0.8333
2021-06-29,1640.7627,0.8095
2021-06-30,1644.7825,0.8333
2021-07-01,1655.0368,0.8095
2021-07-02,1664.8143,0.8095
2021-07-05,1685.725,0.8571
2021-07-06,1672.4769,0.7381
2021-07-07,1671.936,0.7619
2021-07-08,1658.2773,0.6667
2021-07-09,1660.9771,0.7143
2021-07-12,1668.1426,0.6905
2021-07-13,1679.4937,0.7619
2021-07-14,1695.8863,0.7619
2021-07-15,1710.4083,0.7381
2021-07-16,1711.5513,0.7857
2021-07-19,1714.8193,0.7619
2021-07-20,1681.7316,0.6905
2021-07-22,1705.4637,0.6667
2021-07-23,1698.2084,0.6667
2021-07-26,1699.8177,0.619
2021-07-27,1695.2261,0.5714
2021-07-28,1693.7274,0.5476
2021-07-29,1696.8464,0.5476
2021-07-30,1716.0063,0.619
2021-08-02,1727.5986,0.6429
2021-08-03,1729.3893,0.6429
2021-08-04,1718.0636,0.5476
2021-08-05,1713.182,0.5
2021-08-06,1715.581,0.5476
2021-08-09,1701.904,0.4048
2021-08-10,1657.2616,0.3333
2021-08-11,1634.4306,0.2857
2021-08-12,1674.9973,0.4048
2021-08-13,1671.3901,0.4286
2021-08-16,1651.4743,0.3571
2021-08-17,1640.3523,0.3571
2021-08-18,1630.3982,0.3333
2021-08-20,1598.0848,0.3095
2021-08-23,1580.7274,0.2857
2021-08-24,1604.3608,0.4048
2021-08-25,1623.5658,0.4286
2021-08-26,1625.0357,0.4286
2021-08-27,1642.847,0.4524
2021-08-30,1671.5282,0.4524
2021-08-31,1677.7464,0.5
2021-09-01,1680.4995,0.4762
2021-09-02,1694.1004,0.4762
2021-09-03,1706.6902,0.4762
2021-09-06,1712.6017,0.5
2021-09-07,1713.8023,0.5238
2021-09-08,1727.4979,0.5238
2021-09-09,1730.8382,0.5476
2021-09-13,1731.2937,0.5714
2021-09-14,1752.3399,0.5952
2021-09-15,1763.4452,0.5952
2021-09-16,1770.3004,0.619
2021-09-17,1752.1175,0.619
2021-09-20,1714.4695,0.5
2021-09-21,1728.2285,0.5476
2021-09-22,1747.4726,0.5476
2021-09-23,1765.9083,0.5952
2021-09-24,1763.0704,0.5952
2021-09-27,1757.026,0.5476
2021-09-28,1766.5852,0.5476
2021-09-29,1788.7591,0.619
2021-09-30,1793.1169,0.5714
2021-10-01,1799.7476,0.5952
2021-10-04,1817.4339,0.6667
2021-10-05,1824.827,0.7143
2021-10-06,1812.7149,0.6429
2021-10-07,1826.8366,0.6667
2021-10-08,1829.648,0.7143
2021-10-11,1847.7669,0.7381
2021-10-12,1852.0553,0.6667
2021-10-13,1878.2071,0.7143
2021-10-14,1889.7254,0.8049
2021-10-18,1917.539,0.7561
2021-10-19,1873.4536,0.6829
2021-10-20,1850.1018,0.5854
2021-10-21,1842.6861,0.6098
2021-10-22,1829.1346,0.561
2021-10-25,1807.0722,0.5366
2021-10-26,1830.9386,0.5366
2021-10-27,1824.5433,0.5122
2021-10-28,1790.365,0.4146
2021-10-29,1791.6504,0.439
2021-11-01,1818.0597,0.4634
2021-11-02,1826.4469,0.4634
2021-11-03,1826.5712,0.439
2021-11-04,1842.5116,0.439
2021-11-08,1857.9926,0.5122
2021-11-09,1878.3229,0.561
2021-11-10,1880.5019,0.5366
2021-11-11,1869.3906,0.5122
2021-11-12,1869.3706,0.5366
2021-11-15,1864.6341,0.5854
2021-11-16,1871.7188,0.4878
2021-11-17,1866.2123,0.5122
2021-11-18,1826.9945,0.3902
2021-11-22,1790.7012,0.3415
2021-11-23,1829.6724,0.3659
2021-11-24,1828.8959,0.3659
2021-11-25,1851.6518,0.4634
2021-11-26,1813.7989,0.3415
2021-11-29,1779.8576,0.3415
2021-11-30,1786.0532,0.3659
2021-12-01,1798.8035,0.3902
2021-12-02,1823.2911,0.3659
2021-12-03,1845.7708,0.4146
2021-12-06,1828.3886,0.4146
2021-12-07,1849.935,0.4878
2021-12-08,1886.1395,0.5366
2021-12-09,1894.1358,0.561
2021-12-10,1911.604,0.561
2021-12-13,1917.1053,0.561
2021-12-14,1925.0959,0.5122
2021-12-15,1920.2104,0.5122
2021-12-16,1912.2035,0.4634
2021-12-17,1872.3114,0.4146
2021-12-20,1821.4063,0.2439
2021-12-21,1881.0484,0.4146
2021-12-22,1917.9366,0.5122
2021-12-23,1930.7333,0.5854
2021-12-24,1915.4477,0.4634
2021-12-27,1939.5499,0.5366
2021-12-28,1972.1527,0.561
2021-12-29,1989.6123,0.6098
2021-12-30,1998.283,0.6341
2021-12-31,2032.9733,0.7073
2022-01-03,2071.8505,0.7561
2022-01-04,2072.6982,0.7317
2022-01-05,2081.561,0.7073
2022-01-06,2094.9835,0.7561
2022-01-07,2103.6269,0.6829
2022-01-10,2131.3224,0.7805
2022-01-11,2139.3939,0.7805
2022-01-12,2153.6294,0.7561
2022-01-13,2164.0461,0.881
2022-01-14,2173.1437,0.8333
2022-01-17,2193.4659,0.7381
2022-01-18,2168.6214,0.6429
2022-01-19,2177.7693,0.7143
2022-01-20,2169.8847,0.6905
2022-01-21,2124.4469,0.5952
2022-01-24,2035.6439,0.4048
2022-01-25,2071.1661,0.4762
2022-01-27,2073.5,0.4524
2022-01-28,2082.8156,0.5476
2022-01-31,2080.0715,0.5238
2022-02-01,2086.0344,0.5714
2022-02-02,2112.0295,0.5476
2022-02-03,2106.8535,0.5714
2022-02-04,2108.5073,0.5714
2022-02-07,2097.9249,0.5714
2022-02-08,2069.4511,0.4524
2022-02-09,2080.0227,0.4048
2022-02-10,2095.082,0.4524
2022-02-11,2066.7864,0.4286
2022-02-14,1988.1547,0.2857
2022-02-15,2021.6868,0.3333
2022-02-16,2043.4113,0.381
2022-02-17,2035.7023,0.3571
2022-02-18,2021.1474,0.2857
2022-02-21,1976.8202,0.2381
2022-02-22,1942.4439,0.2381
2022-02-23,1949.8231,0.2381
2022-02-24,1822.1914,0.0952
2022-02-25,1899.6847,0.1905
2022-02-28,1905.0034,0.2143
2022-03-02,1902.7603,0.2143
2022-03-03,1910.7352,0.1905
2022-03-04,1881.5483,0.119
2022-03-07,1837.6033,0.0952
2022-03-08,1853.7184,0.1429
2022-03-09,1898.7933,0.1667
2022-03-10,1919.9139,0.1905
2022-03-11,1933.2965,0.1905
2022-03-14,1925.9036,0.1905
2022-03-15,1903.5023,0.0952
2022-03-16,1927.7965,0.1667
2022-03-17,1947.1719,0.2143
2022-03-21,1942.114,0.2381
2022-03-22,1940.2925,0.2619
2022-03-23,1948.0776,0.3333
2022-03-24,1955.5186,0.3571
2022-03-25,1945.5945,0.3571
2022-03-28,1926.4258,0.381
2022-03-29,1920.7031,0.3571
2022-03-30,1930.5457,0.3571
2022-03-31,1922.0318,0.3571
2022-04-01,1965.879,0.4524
2022-04-04,2008.0375,0.5952
2022-04-05,2061.0797,0.7143
2022-04-06,2082.9264,0.6905
2022-04-07,2107.5655,0.7381
2022-04-08,2139.4086,0.7619
2022-04-11,2171.433,0.7619
2022-04-12,2139.0149,0.7857
2022-04-13,2153.7656,0.8095
2022-04-18,2145.5998,0.7619
2022-04-19,2120.7258,0.7143
2022-04-20,2133.9169,0.7143
2022-04-21,2167.5738,0.8095
2022-04-22,2158.318,0.7857
2022-04-25,2110.0872,0.619
2022-04-26,2146.1786,0.7143
2022-04-27,2133.9363,0.6667
2022-04-28,2140.2653,0.6905
2022-04-29,2114.5009,0.5952
2022-05-02,2092.5603,0.5476
2022-05-04,2036.7248,0.5238
2022-05-05,2030.0118,0.4762
2022-05-06,1991.7682,0.2857
2022-05-09,1959.906,0.2619
2022-05-10,1909.0043,0.1429
2022-05-11,1875.4397,0.119
2022-05-12,1826.2904,0.0714
2022-05-13,1848.5467,0.0714
2022-05-16,1879.5869,0.1667
2022-05-17,1941.4242,0.2381
2022-05-18,1957.8098,0.2857
2022-05-19,1893.671,0.1905
2022-05-20,1950.4908,0.3333
2022-05-23,1944.7085,0.3095
2022-05-24,1918.7999,0.1905
2022-05-25,1875.7073,0.2143
2022-05-26,1881.3491,0.1905
2022-05-27,1902.4674,0.2143
2022-05-30,1939.1014,0.2381
2022-05-31,1934.2811,0.2619
2022-06-01,1930.2375,0.2619
2022-06-02,1948.9067,0.3571
2022-06-03,1929.8081,0.3095
2022-06-06,1917.2212,0.2381
2022-06-07,1909.43,0.1905
2022-06-08,1901.3896,0.1667
2022-06-09,1916.3781,0.2195
2022-06-10,1896.9812,0.1707
2022-06-13,1828.9362,0.0488
2022-06-14,1835.1305,0.0732
2022-06-15,1841.7021,0.0976
2022-06-16,1779.8556,0.0488
2022-06-17,1761.603,0.0244
2022-06-20,1698.2056,0.0244
2022-06-21,1759.5554,0.0488
2022-06-22,1734.8368,0.0488
2022-06-23,1752.4176,0.0732
2022-06-24,1783.0743,0.0976
2022-06-27,1804.1581,0.1707
2022-06-28,1804.3361,0.1707
2022-06-29,1799.1135,0.1707
2022-06-30,1788.5163,0.122
2022-07-01,1786.7542,0.122
2022-07-04,1798.823,0.1463
2022-07-05,1801.392,0.1707
2022-07-06,1808.0484,0.2439
2022-07-07,1834.1402,0.3171
2022-07-08,1839.094,0.3415
2022-07-11,1862.8491,0.439
2022-07-12,1872.3758,0.4878
2022-07-13,1881.7397,0.6098
2022-07-14,1876.4124,0.6585
2022-07-15,1884.285,0.6829
2022-07-18,1904.7152,0.6829
2022-07-19,1913.3662,0.7561
2022-07-20,1927.5159,0.8049
2022-07-21,1948.9156,0.7805
2022-07-22,1954.0738,0.7561
2022-07-25,1961.8473,0.7561
2022-07-26,1944.7205,0.6341
2022-07-27,1950.1833,0.6341
2022-07-28,1956.4315,0.7073
2022-07-29,1981.3962,0.7805
2022-08-01,2016.2067,0.8049
2022-08-02,2025.1792,0.8049
2022-08-03,2008.6809,0.7317
2022-08-04,2024.5341,0.8293
2022-08-05,2021.5194,0.7561
2022-08-08,2035.0738,0.7317
2022-08-10,2037.8016,0.7561
2022-08-11,2051.3943,0.8049
2022-08-12,2068.0438,0.7805
2022-08-16,2092.2286,0.8537
2022-08-17,2099.5549,0.878
2022-08-18,2110.1698,0.8537
2022-08-19,2115.0122,0.8537
2022-08-22,2083.8787,0.8293
2022-08-23,2108.6947,0.8049
2022-08-24,2123.429,0.8293
2022-08-25,2147.417,0.881
2022-08-26,2168.714,0.881
2022-08-29,2172.2393,0.8333
2022-08-30,2232.1677,0.8571
2022-09-01,2252.6127,0.8095
2022-09-02,2255.5828,0.8095
2022-09-05,2284.2854,0.8333
2022-09-06,2275.7815,0.8095
2022-09-07,2305.0012,0.8333
2022-09-08,2311.301,0.8333
2022-09-09,2318.3368,0.8372
2022-09-12,2339.155,0.814
2022-09-13,2354.7481,0.8605
2022-09-14,2364.0169,0.814
2022-09-15,2370.362,0.814
2022-09-16,2314.0679,0.7907
2022-09-19,2316.9778,0.7674
2022-09-20,2355.1326,0.814
2022-09-21,2320.9167,0.7442
2022-09-22,2325.5629,0.7442
2022-09-23,2283.3104,0.6977
2022-09-26,2203.9015,0.4884
2022-09-27,2220.6637,0.5349
2022-09-28,2204.0884,0.5581
2022-09-29,2224.0454,0.6047
2022-09-30,2269.5283,0.6279
2022-10-03,2242.7039,0.6047
2022-10-04,2288.2098,0.6977
2022-10-06,2342.7062,0.7442
2022-10-07,2365.5039,0.7674
2022-10-10,2358.3254,0.7442
2022-10-11,2311.202,0.6512
2022-10-12,2322.7403,0.6977
2022-10-13,2306.525,0.5814
2022-10-14,2297.6461,0.6047
2022-10-17,2310.1398,0.5814
2022-10-18,2328.7744,0.6047
2022-10-19,2314.4395,0.6047
2022-10-20,2319.7396,0.5814
2022-10-21,2298.3379,0.5349
2022-10-24,2332.9314,0.6047
2022-10-25,2339.8414,0.6047
2022-10-27,2370.7384,0.6279
2022-10-28,2368.7216,0.6279
2022-10-31,2378.8931,0.6512
2022-11-01,2393.556,0.6977
2022-11-02,2397.8752,0.7442
2022-11-03,2401.4231,0.6977
2022-11-04,2434.8255,0.6977
2022-11-07,2448.4553,0.7209
2022-11-09,2461.3672,0.7209
2022-11-10,2436.1122,0.6512
2022-11-11,2430.6848,0.6512
2022-11-14,2409.1897,0.6047
2022-11-15,2418.809,0.6512
2022-11-16,2401.773,0.6047
2022-11-17,2410.0819,0.6279
2022-11-18,2405.1581,0.5814
2022-11-21,2403.3169,0.5581
2022-11-22,2403.3821,0.5349
2022-11-23,2417.3242,0.4884
2022-11-24,2424.9604,0.5581
2022-11-25,2453.3813,0.6512
2022-11-28,2462.7756,0.6279
2022-11-29,2460.3301,0.6279
2022-11-30,2470.9617,0.6279
2022-12-01,2484.0726,0.6279
2022-12-02,2499.7419,0.6279
2022-12-05,2503.5804,0.7209
2022-12-06,2509.002,0.6744
2022-12-07,2500.3549,0.6977
2022-12-08,2509.0346,0.6047
2022-12-09,2479.1465,0.6047
2022-12-12,2493.2681,0.5349
2022-12-13,2509.3431,0.5349
2022-12-14,2534.3189,0.6047
2022-12-15,2517.9926,0.5349
2022-12-16,2481.6879,0.4419
2022-12-19,2492.3968,0.4884
2022-12-20,2489.4557,0.4651
2022-12-21,2432.3793,0.4419
2022-12-22,2382.1524,0.3256
2022-12-23,2282.0766,0.1628
2022-12-26,2361.4007,0.3488
2022-12-27,2407.1395,0.3721
2022-12-28,2421.3422,0.3721
2022-12-29,2435.6707,0.4419
2022-12-30,2458.9178,0.5116
2023-01-02,2496.0924,0.5349
2023-01-03,2514.8051,0.5227
2023-01-04,2500.0143,0.5227
2023-01-05,2512.7062,0.5682
2023-01-06,2500.7842,0.5
2023-01-09,2514.2007,0.5227
2023-01-10,2490.1311,0.4545
2023-01-11,2496.0164,0.4773
2023-01-12,2482.0711,0.4773
2023-01-13,2502.6916,0.5227
2023-01-16,2508.984,0.4773
2023-01-17,2521.9353,0.4773
2023-01-18,2543.9468,0.6136
2023-01-19,2533.9471,0.5227
2023-01-20,2526.6639,0.5
2023-01-23,2517.5463,0.5
2023-01-24,2491.115,0.4318
2023-01-25,2450.7204,0.3864
2023-01-27,2394.2828,0.2727
2023-01-30,2367.4215,0.2273
2023-01-31,2430.0993,0.4318
2023-02-01,2385.4534,0.2955
2023-02-02,2392.3206,0.3636
2023-02-03,2367.4953,0.3864
2023-02-06,2383.3011,0.3409
2023-02-07,2366.4894,0.2955
2023-02-08,2376.7277,0.3182
2023-02-09,2383.7836,0.3864
2023-02-10,2387.9478,0.3864
2023-02-13,2355.466,0.3182
2023-02-14,2335.8396,0.2727
2023-02-15,2362.1094,0.3182
2023-02-16,2376.0151,0.3864
2023-02-17,2375.4782,0.3864
2023-02-20,2357.2277,0.3409
2023-02-21,2362.6568,0.3864
2023-02-22,2325.9214,0.3182
2023-02-23,2322.7707,0.3409
2023-02-24,2313.3892,0.2955
2023-02-27,2271.9441,0.2045
2023-02-28,2282.3367,0.2273
2023-03-01,2316.0373,0.2727
2023-03-02,2320.7824,0.3182
2023-03-03,2350.6921,0.4091
2023-03-06,2370.0755,0.3864
2023-03-08,2393.7783,0.4091
2023-03-09,2394.6901,0.4545
2023-03-10,2378.8108,0.4318
2023-03-13,2322.1235,0.2727
2023-03-14,2295.2733,0.2727
2023-03-15,2309.7938,0.3182
2023-03-16,2304.0875,0.2727
2023-03-17,2314.8482,0.3409
2023-03-20,2289.713,0.2955
2023-03-21,2308.9229,0.3182
2023-03-22,2332.0143,0.3182
2023-03-23,2331.3821,0.2955
2023-03-24,2306.4692,0.2727
2023-03-27,2280.2014,0.2273
2023-03-28,2250.6082,0.2045
2023-03-29,2284.3842,0.2955
2023-03-31,2310.6221,0.2955
2023-04-03,2344.059,0.2955
2023-04-05,2364.5068,0.4318
2023-04-06,2402.7631,0.4545
2023-04-10,2416.2022,0.4773
2023-04-11,2433.9662,0.5455
2023-04-12,2440.0654,0.5909
2023-04-13,2458.9557,0.6136
2023-04-17,2466.3726,0.6364
2023-04-18,2478.296,0.6591
2023-04-19,2476.9499,0.6591
2023-04-20,2483.0529,0.7045
2023-04-21,2474.2302,0.6818
2023-04-24,2484.757,0.6818
2023-04-25,2503.5685,0.7045
2023-04-26,2517.8865,0.7045
2023-04-27,2526.6581,0.75
2023-04-28,2549.1402,0.8409
2023-05-02,2568.8008,0.9091
2023-05-03,2574.1783,0.8864
2023-05-04,2610.2184,0.9091
2023-05-05,2602.7594,0.9318
2023-05-08,2621.7895,0.9091
2023-05-09,2618.977,0.9091
2023-05-10,2626.5703,0.9091
2023-05-11,2635.4591,0.9091
2023-05-12,2638.7206,0.8409
2023-05-15,2657.3377,0.9318
2023-05-16,2668.1501,0.8864
2023-05-17,2678.4212,0.8409
2023-05-18,2667.2079,0.7727
2023-05-19,2673.5311,0.75
2023-05-22,2702.8292,0.75
2023-05-23,2705.8583,0.7955
2023-05-24,2723.3175,0.7955
2023-05-25,2730.1174,0.7955
2023-05-26,2744.0045,0.8182
2023-05-29,2769.3303,0.8409
2023-05-30,2776.5515,0.8409
2023-05-31,2781.462,0.8182
2023-06-01,2798.8127,0.8636
2023-06-02,2818.724,0.8409
2023-06-05,2828.8897,0.8636
2023-06-06,2841.846,0.8864
2023-06-07,2873.0977,0.8864
2023-06-08,2853.1631,0.8864
2023-06-09,2866.3924,0.8409
2023-06-12,2882.9221,0.8636
2023-06-13,2903.095,0.8636
2023-06-14,2933.3144,0.8864
2023-06-15,2944.2236,0.8864
2023-06-16,2972.6155,0.9091
2023-06-19,2973.9461,0.8409
2023-06-20,2984.2325,0.9091
2023-06-21,2989.3641,0.9091
2023-06-22,2982.2722,0.8182
2023-06-23,2950.3234,0.8182
2023-06-26,2972.7378,0.8182
2023-06-27,2992.3655,0.8636
2023-06-28,3012.4034,0.8636
2023-06-30,3050.9248,0.8409
2023-07-03,3071.0592,0.8864
2023-07-04,3061.9297,0.7955
2023-07-05,3086.4273,0.8409
2023-07-06,3136.9989,0.8636
2023-07-07,3116.0618,0.8409
2023-07-10,3120.2434,0.8409
2023-07-11,3171.3231,0.8864
2023-07-12,3191.5935,0.8409
2023-07-13,3170.1442,0.8182
2023-07-14,3195.7639,0.8409
2023-07-17,3210.8062,0.8636
2023-07-18,3208.4516,0.8864
2023-07-19,3259.6559,0.9318
2023-07-20,3274.7535,0.9545
2023-07-21,3285.0261,0.9318
2023-07-24,3335.1718,0.8864
2023-07-25,3350.1695,0.8864
2023-07-26,3386.1701,0.9318
2023-07-27,3409.7514,0.9091
2023-07-28,3449.4685,0.9318
2023-07-31,3475.0528,0.9318
2023-08-01,3501.041,0.9318
2023-08-02,3452.7076,0.9091
2023-08-03,3474.4325,0.9091
2023-08-04,3486.0815,0.9318
2023-08-07,3534.7551,0.9318
2023-08-08,3539.6109,0.9318
2023-08-09,3571.9821,0.9091
2023-08-10,3537.2637,0.9091
2023-08-11,3523.4544,0.9091
2023-08-14,3499.6521,0.8636
2023-08-16,3528.7681,0.8636
2023-08-17,3539.8497,0.8636
2023-08-18,3537.1753,0.8409
2023-08-21,3559.9912,0.8864
2023-08-22,3615.2109,0.9318
2023-08-23,3642.2411,0.8864
2023-08-24,3621.1576,0.8864
2023-08-25,3590.9647,0.8636
2023-08-28,3637.9281,0.9318
2023-08-29,3674.4245,0.9091
2023-08-30,3706.5229,0.9091
2023-08-31,3720.988,0.9318
2023-09-01,3774.864,0.8864
2023-09-04,3822.2882,0.9318
2023-09-05,3854.1997,0.9545
2023-09-06,3858.9505,0.9545
2023-09-07,3886.8901,0.9545
2023-09-08,3912.3692,0.9545
2023-09-11,3955.0317,0.9318
2023-09-12,3785.2937,0.8636
2023-09-13,3802.1203,0.8182
2023-09-14,3843.9333,0.8409
2023-09-15,3836.4655,0.8636
2023-09-18,3814.8277,0.8182
2023-09-20,3822.3269,0.7727
2023-09-21,3778.2753,0.7727
2023-09-22,3772.4769,0.7045
2023-09-25,3773.2928,0.6818
2023-09-26,3779.3898,0.6591
2023-09-27,3808.9578,0.7045
2023-09-28,3802.1297,0.6818
2023-09-29,3873.5142,0.6818
2023-10-03,3873.7902,0.7045
2023-10-04,3821.7229,0.6818
2023-10-05,3852.7674,0.6818
2023-10-06,3879.9797,0.6591
2023-10-09,3815.455,0.5682
2023-10-10,3861.732,0.6136
2023-10-11,3885.7318,0.6591
2023-10-12,3899.2969,0.6818
2023-10-13,3898.3171,0.6591
2023-10-16,3911.9757,0.6136
2023-10-17,3955.8923,0.6591
2023-10-18,3933.5795,0.6136
2023-10-19,3954.3785,0.6364
2023-10-20,3907.6728,0.4545
2023-10-23,3779.1881,0.2955
2023-10-25,3732.6872,0.1818
2023-10-26,3728.9034,0.2273
2023-10-27,3801.4867,0.2955
2023-10-30,3846.168,0.3182
2023-10-31,3841.8336,0.2955
2023-11-01,3830.5229,0.2889
2023-11-02,3876.1952,0.4667
2023-11-03,3906.1685,0.5333
2023-11-06,3948.6752,0.5778
2023-11-07,3963.6633,0.5556
2023-11-08,3982.6195,0.6
2023-11-09,3975.7657,0.5556
2023-11-10,3974.1605,0.5778
2023-11-13,4009.3725,0.6
2023-11-15,4027.8517,0.6444
2023-11-16,4036.2104,0.6444
2023-11-17,4063.7688,0.6889
2023-11-20,4063.5965,0.6889
2023-11-21,4088.6734,0.6667
2023-11-22,4109.0733,0.7111
2023-11-23,4094.5446,0.6889
2023-11-24,4090.1354,0.6957
2023-11-28,4110.5316,0.7174
2023-11-29,4116.2339,0.7174
2023-11-30,4147.7089,0.6957
2023-12-01,4174.5456,0.7391
2023-12-04,4248.1816,0.7174
2023-12-05,4283.6726,0.7391
2023-12-06,4297.6694,0.7609
2023-12-07,4384.2457,0.8478
2023-12-08,4364.79,0.7826
2023-12-11,4441.6238,0.8261
2023-12-12,4488.1663,0.8478
2023-12-13,4551.5563,0.8261
2023-12-14,4582.3705,0.8913
2023-12-15,4572.8733,0.8696
2023-12-18,4624.2667,0.8913
2023-12-19,4624.6128,0.8696
2023-12-20,4446.6791,0.6522
2023-12-21,4538.2569,0.7609
2023-12-22,4588.0754,0.8043
2023-12-26,4625.8851,0.8043
2023-12-27,4618.3977,0.8261
2023-12-28,4619.5265,0.8043
2023-12-29,4665.8057,0.8043
2024-01-01,4726.6695,0.8696
2024-01-02,4744.4515,0.8261
2024-01-03,4791.8873,0.8696
2024-01-04,4873.7696,0.913
2024-01-05,4896.0213,0.8913
2024-01-08,4859.0703,0.8696
2024-01-09,4887.9491,0.8913
2024-01-10,4892.3723,0.8723
2024-01-11,4953.0703,0.8936
2024-01-12,4960.3046,0.9362
2024-01-15,4991.6425,0.9362
2024-01-16,4941.3509,0.8723
2024-01-17,4906.7644,0.8085
2024-01-18,4928.8474,0.8298
2024-01-19,4993.9755,0.8511
2024-01-23,4936.3701,0.7447
2024-01-24,5019.8128,0.7872
2024-01-25,5075.7029,0.766
2024-01-29,5131.0347,0.766
2024-01-30,5113.7038,0.7872
2024-01-31,5213.5141,0.8511
2024-02-01,5181.6257,0.8085
2024-02-02,5224.7864,0.7872
2024-02-05,5237.0139,0.8085
2024-02-06,5303.2228,0.8085
2024-02-07,5325.704,0.8085
2024-02-08,5331.594,0.7872
2024-02-09,5249.0885,0.7234
2024-02-12,5110.6785,0.6596
2024-02-13,5109.1518,0.6596
2024-02-14,5157.0217,0.7234
2024-02-15,5248.8467,0.7234
2024-02-16,5268.9081,0.7234
2024-02-19,5351.8423,0.7234
2024-02-20,5362.8356,0.7021
2024-02-21,5313.515,0.7234
2024-02-22,5370.8108,0.7234
2024-02-23,5412.727,0.7447
2024-02-26,5461.6888,0.766
2024-02-27,5479.9762,0.7447
2024-02-28,5369.8825,0.6809
2024-02-29,5396.903,0.7234
2024-03-01,5415.4084,0.7234
2024-03-04,5437.4243,0.7234
2024-03-05,5384.6648,0.7234
2024-03-06,5288.2067,0.5745
2024-03-07,5347.0992,0.6383
2024-03-11,5252.6182,0.5957
2024-03-12,5113.9141,0.4681
2024-03-13,4820.6769,0.2553
2024-03-14,4972.8081,0.383
2024-03-15,4974.1162,0.3404
2024-03-18,5007.0737,0.4043
2024-03-19,4929.3514,0.2979
2024-03-20,4916.3867,0.2979
2024-03-21,5048.0608,0.4255
2024-03-22,5124.8831,0.4468
2024-03-26,5152.1577,0.4255
2024-03-27,5168.4881,0.5532
2024-03-28,5189.734,0.5957
2024-04-01,5361.896,0.6596
2024-04-02,5446.9627,0.6809
2024-04-03,5524.9623,0.7447
2024-04-04,5575.9645,0.8298
2024-04-05,5614.4672,0.8936
2024-04-08,5638.7647,0.8298
2024-04-09,5639.4227,0.8511
2024-04-10,5648.6504,0.8085
2024-04-12,5613.1541,0.766
2024-04-15,5502.862,0.6383
2024-04-16,5548.0568,0.6383
2024-04-18,5566.0926,0.6383
2024-04-19,5552.8873,0.5957
2024-04-22,5678.9694,0.6809
2024-04-23,5734.4028,0.7234
2024-04-24,5768.4603,0.7872
2024-04-25,5790.6249,0.7872
2024-04-26,5833.1091,0.766
2024-04-29,5858.4358,0.8085
2024-04-30,5848.7216,0.7872
2024-05-02,5877.8929,0.8085
2024-05-03,5843.1168,0.7447
2024-05-06,5750.4857,0.7021
2024-05-07,5637.3947,0.6809
2024-05-08,5664.6633,0.6383
2024-05-09,5509.5269,0.5745
2024-05-10,5574.3148,0.617
2024-05-13,5630.1525,0.5957
2024-05-14,5806.3562,0.6809
2024-05-15,5864.6565,0.7021
2024-05-16,5905.6372,0.7447
2024-05-17,5962.4371,0.766
2024-05-21,6110.6922,0.8085
2024-05-22,6141.4204,0.8723
2024-05-23,6160.4906,0.8936
2024-05-24,6178.552,0.8085
2024-05-27,6208.1903,0.8511
2024-05-28,6092.7445,0.7872
2024-05-29,6088.7583,0.766
2024-05-30,6021.8543,0.766
2024-05-31,6057.0698,0.7234
2024-06-03,6207.1052,0.7447
2024-06-04,5691.2469,0.3617
2024-06-05,5833.159,0.4681
2024-06-06,6007.9465,0.6383
2024-06-07,6161.475,0.766
2024-06-10,6212.6865,0.7872
2024-06-11,6319.7451,0.8936
2024-06-12,6369.0654,0.8936
2024-06-13,6384.3502,0.8936
2024-06-14,6439.4803,0.8723
2024-06-18,6483.896,0.8723
2024-06-19,6449.1759,0.8298
2024-06-20,6527.3788,0.8085
2024-06-21,6560.4009,0.8085
2024-06-24,6618.746,0.8085
2024-06-25,6636.3374,0.8511
2024-06-26,6634.1686,0.8723
2024-06-27,6621.3483,0.8936
2024-06-28,6674.3466,0.8936
2024-07-01,6824.6743,0.8723
2024-07-02,6851.6328,0.8085
2024-07-03,6980.5,0.8723
2024-07-04,7009.9907,0.9149
2024-07-05,7093.8848,0.8936
2024-07-08,7099.735,0.8723
2024-07-09,7089.0319,0.8723
2024-07-10,7079.342,0.8936
2024-07-11,7154.9093,0.8936
2024-07-12,7155.0119,0.8511
2024-07-15,7224.7713,0.9149
2024-07-16,7203.8231,0.9149
2024-07-18,7099.146,0.8723
2024-07-19,6923.7249,0.7021
2024-07-22,7014.1924,0.7447
2024-07-23,6985.5628,0.7021
2024-07-24,7124.194,0.7447
2024-07-25,7159.9201,0.7447
2024-07-26,7265.6601,0.8511
2024-07-29,7328.1444,0.8723
2024-07-30,7359.9379,0.8723
2024-07-31,7387.331,0.8511
2024-08-01,7325.9524,0.8085
2024-08-02,7304.351,0.766
2024-08-05,7020.655,0.5319
2024-08-06,6924.4462,0.4468
2024-08-07,7147.0471,0.6383
2024-08-08,7120.6064,0.5319
2024-08-09,7150.5047,0.5745
2024-08-12,7200.7435,0.5745
2024-08-13,7117.5908,0.4894
2024-08-14,7059.5835,0.5106
2024-08-16,7170.051,0.5532
2024-08-19,7252.5588,0.5532
2024-08-20,7317.5004,0.6383
2024-08-21,7386.0024,0.6596
2024-08-22,7394.7306,0.6383
2024-08-23,7406.9707,0.6383
2024-08-26,7460.4691,0.6809
2024-08-27,7490.8565,0.7021
2024-08-28,7475.112,0.6809
2024-08-29,7406.865,0.6383
2024-08-30,7449.462,0.6596
2024-09-02,7449.1445,0.5957
2024-09-03,7441.4602,0.5745
2024-09-04,7450.5807,0.5532
2024-09-05,7489.7927,0.5106
2024-09-06,7389.3459,0.5319
2024-09-09,7340.1727,0.4681
2024-09-10,7447.5042,0.5319
2024-09-11,7438.5185,0.4894
2024-09-12,7551.6988,0.5532
2024-09-13,7626.0153,0.5957
2024-09-16,7665.6081,0.6383
2024-09-17,7656.1472,0.6383
2024-09-18,7620.734,0.617
2024-09-19,7501.7035,0.5532
2024-09-20,7614.4396,0.617
2024-09-23,7754.1511,0.6596
2024-09-24,7768.4216,0.6596
2024-09-25,7746.2144,0.617
2024-09-26,7743.4393,0.617
2024-09-27,7746.0368,0.617
2024-09-30,7693.5869,0.5745
2024-10-01,7709.8519,0.5745
2024-10-03,7579.0571,0.4681
2024-10-04,7489.5795,0.4043
2024-10-07,7222.1883,0.3617
2024-10-08,7492.6411,0.4255
2024-10-09,7565.1809,0.4681
2024-10-10,7562.5764,0.4255
2024-10-11,7565.5593,0.383
2024-10-14,7579.6158,0.4255
2024-10-15,7605.9873,0.4468
2024-10-16,7615.6375,0.4255
2024-10-17,7479.6997,0.4043
2024-10-18,7491.6929,0.383
2024-10-21,7364.6278,0.3404
2024-10-22,7116.897,0.2553
2024-10-23,7130.584,0.1915
2024-10-24,7110.415,0.1489
2024-10-25,6940.8271,0.1489
2024-10-28,7052.8634,0.1915
2024-10-29,7097.7093,0.1702
2024-10-30,7165.4563,0.1702
2024-10-31,7269.1551,0.2128
2024-11-01,7350.4959,0.3404
2024-11-04,7217.4031,0.1702
2024-11-05,7271.1626,0.234
2024-11-06,7472.4666,0.383
2024-11-07,7440.6894,0.3617
2024-11-08,7326.8055,0.2766
2024-11-11,7263.803,0.2553
2024-11-12,7147.9653,0.234
2024-11-13,6935.2827,0.1702
2024-11-14,6964.6708,0.1702
2024-11-18,6912.5363,0.1489
2024-11-19,6943.7535,0.1277
2024-11-21,6858.3859,0.1277
2024-11-22,6892.8159,0.1489
2024-11-25,6966.4761,0.1489
2024-11-26,6956.0816,0.2128
2024-11-27,7061.7536,0.2553
2024-11-28,7121.9629,0.2553
2024-11-29,7163.12,0.2128
2024-12-02,7246.3692,0.234
2024-12-03,7358.6896,0.383
2024-12-04,7384.7289,0.383
2024-12-05,7403.3159,0.4255
2024-12-06,7491.8948,0.5532
2024-12-09,7517.5961,0.5957
2024-12-10,7534.918,0.6383
2024-12-11,7541.1931,0.6383
2024-12-12,7456.0242,0.5532
2024-12-13,7438.5241,0.5319
2024-12-16,7510.2542,0.5957
2024-12-17,7482.248,0.5319
2024-12-18,7454.1092,0.5319
2024-12-19,7444.2732,0.5106
2024-12-20,7268.7477,0.3191
2024-12-23,7222.2848,0.3404
2024-12-24,7249.7724,0.3191
2024-12-26,7237.8442,0.3404
2024-12-27,7217.0263,0.3404
2024-12-30,7247.8402,0.383
2024-12-31,7277.1217,0.4043
2025-01-01,7338.6295,0.4894
2025-01-02,7415.3836,0.5957
2025-01-03,7396.4876,0.5532
2025-01-06,7107.898,0.3404
2025-01-07,7252.048,0.4255
2025-01-08,7191.3009,0.4043
2025-01-09,7082.6257,0.3191
2025-01-10,6854.1007,0.1915
2025-01-13,6566.639,0.1064
2025-01-14,6776.7228,0.1489
2025-01-15,6828.3835,0.1489
2025-01-16,6951.4381,0.1915
2025-01-17,7001.2548,0.2128
2025-01-20,7058.736,0.2766
2025-01-21,6904.5262,0.1702
2025-01-22,6777.4031,0.1277
2025-01-23,6824.3644,0.1915
2025-01-24,6668.6116,0.1064
2025-01-27,6431.6774,0.0426
2025-01-28,6275.23,0.0213
2025-01-29,6479.2207,0.0213
2025-01-30,6481.5779,0.0
2025-01-31,6637.2986,0.0851
2025-02-01,6607.2009,0.1277
2025-02-03,6465.2576,0.1064
2025-02-04,6596.9263,0.1064
2025-02-05,6674.7378,0.1064
2025-02-06,6661.2271,0.1277
2025-02-07,6628.0723,0.1277
2025-02-10,6453.4538,0.0638
2025-02-11,6220.7182,0.0426
2025-02-12,6191.4746,0.0426
2025-02-13,6201.6498,0.0638
2025-02-14,5967.6538,0.0
2025-02-17,5926.8104,0.0213
2025-02-18,5825.2786,0.0213
2025-02-19,5944.515,0.0
2025-02-20,6007.3843,0.0851
2025-02-21,5976.181,0.0833
2025-02-24,5893.0578,0.0417
2025-02-25,5852.0946,0.0
2025-02-27,5662.6598,0.0
2025-02-28,5524.9178,0.0
2025-03-03,5460.1171,0.0
2025-03-04,5529.1722,0.0
2025-03-05,5725.0546,0.0833
2025-03-06,5804.3473,0.125
2025-03-07,5877.1322,0.125
2025-03-10,5737.0633,0.1042
2025-03-11,5723.5732,0.125
2025-03-12,5683.9438,0.1458
2025-03-13,5622.7908,0.125
2025-03-17,5608.3543,0.1458
2025-03-18,5613.6544,0.1458
2025-03-19,5917.3165,0.3333
2025-03-20,5931.1314,0.3469
2025-03-21,6029.7584,0.3878
2025-03-24,6115.3366,0.4694
2025-03-25,5969.4612,0.3878
2025-03-26,5845.0421,0.3265
2025-03-27,5948.309,0.4082
2025-03-28,5887.6398,0.4082
2025-04-01,5908.5673,0.3265
2025-04-02,5963.2977,0.3878
2025-04-03,6034.7312,0.5102
2025-04-04,5813.9852,0.3265
2025-04-07,5562.4287,0.1429
2025-04-08,5680.1247,0.2245
2025-04-09,5595.402,0.1837
2025-04-11,5758.5672,0.3061
2025-04-15,5979.2003,0.449
2025-04-16,6015.4787,0.4898
2025-04-17,6070.4645,0.6327
2025-04-21,6179.2992,0.6735
2025-04-22,6221.7006,0.6735
2025-04-23,6245.0911,0.7143
2025-04-24,6207.3188,0.7347
2025-04-25,6039.2851,0.5918
2025-04-28,6078.7452,0.6122
2025-04-29,6053.9224,0.6531
2025-04-30,5968.5802,0.5714
2025-05-02,5907.5268,0.5306
2025-05-05,6071.4555,0.6939
2025-05-06,5913.4947,0.5306
2025-05-07,5937.0798,0.5918
2025-05-08,5840.6372,0.3878
2025-05-09,5828.359,0.4082
2025-05-12,6116.5715,0.7347
2025-05-13,6222.2276,0.7755
2025-05-14,6347.3474,0.7959
2025-05-15,6424.0291,0.8571
2025-05-16,6555.259,0.8776
2025-05-19,6616.992,0.898
2025-05-20,6542.6383,0.7959
2025-05-21,6585.6849,0.8367
2025-05-22,6556.1522,0.8163
2025-05-23,6579.6563,0.7959
2025-05-26,6634.7854,0.8163
2025-05-27,6651.7931,0.8367
2025-05-28,6650.6117,0.8163
2025-05-29,6680.8842,0.8163
2025-05-30,6721.2678,0.7755
2025-06-02,6731.3426,0.7959
2025-06-03,6705.4115,0.7959
2025-06-04,6761.4104,0.8163
2025-06-05,6800.2928,0.8367
2025-06-06,6855.4556,0.8163
2025-06-09,6968.5605,0.8776
2025-06-10,6981.2335,0.898
2025-06-11,6981.0511,0.9184
2025-06-12,6877.7121,0.8776
2025-06-13,6778.517,0.7959
2025-06-16,6838.7554,0.8163
2025-06-17,6780.7207,0.7755
2025-06-18,6731.0978,0.7755
2025-06-19,6589.7814,0.551
2025-06-20,6684.5168,0.6735
2025-06-23,6692.8573,0.6939
2025-06-24,6750.2488,0.7347
2025-06-25,6836.0799,0.8163
2025-06-26,6862.234,0.8367
2025-06-27,6869.3809,0.8163
2025-06-30,6893.2787,0.7959
2025-07-01,6916.2298,0.8163
2025-07-02,6903.5313,0.7347
2025-07-03,6918.8883,0.7347
2025-07-04,6939.505,0.7959
2025-07-07,6906.4813,0.6939
2025-07-08,6892.3736,0.7143
2025-07-09,6876.3647,0.7143
2025-07-10,6900.4654,0.6939
2025-07-11,6851.31,0.6531
2025-07-14,6874.4127,0.6327
2025-07-15,6961.1461,0.6735
2025-07-16,6971.9195,0.6735
2025-07-17,6990.6102,0.6327
2025-07-18,6940.9246,0.5918
2025-07-21,6930.5555,0.6122
2025-07-22,6876.7133,0.5714
2025-07-23,6884.6553,0.5918
2025-07-24,6854.337,0.5102
2025-07-25,6756.7986,0.3469
2025-07-28,6684.7152,0.3469
2025-07-29,6757.2673,0.4286
2025-07-30,6759.9511,0.4694
2025-07-31,6674.5937,0.3469
2025-08-01,6547.5231,0.1837
2025-08-04,6619.5692,0.2857
2025-08-05,6609.9743,0.2245
2025-08-06,6539.4836,0.1633
2025-08-07,6512.5354,0.1429
2025-08-08,6419.8633,0.102
2025-08-11,6459.3423,0.1837
2025-08-12,6447.9542,0.1837
2025-08-13,6492.4369,0.2245
2025-08-14,6445.1592,0.2041
2025-08-18,6511.0953,0.2245
2025-08-19,6561.1316,0.2653
2025-08-20,6573.5178,0.2449
2025-08-21,6624.5898,0.3673
2025-08-22,6607.6036,0.3469
2025-08-25,6577.3704,0.3061
2025-08-26,6451.754,0.1429
2025-08-28,6369.5506,0.1429
2025-08-29,6360.3851,0.1837
2025-09-01,6445.7908,0.2857
2025-09-02,6529.5022,0.2653
2025-09-03,6607.9208,0.3265
2025-09-04,6587.2354,0.2857
2025-09-05,6685.1076,0.3061
2025-09-08,6751.7029,0.3265
2025-09-09,6720.7586,0.3469
2025-09-10,6794.2196,0.3673
2025-09-11,6831.9324,0.449
2025-09-12,6864.0516,0.551
2025-09-15,6934.5052,0.6327
2025-09-16,7009.4664,0.6939
2025-09-17,7006.9388,0.7143
2025-09-18,7019.7544,0.7143
2025-09-19,7056.6144,0.7551
2025-09-22,7039.6185,0.7347
2025-09-23,7055.4089,0.7347
2025-09-24,6975.4468,0.6939
2025-09-25,6921.4965,0.6531
2025-09-26,6778.6702,0.4694
2025-09-29,6816.9462,0.5306
2025-09-30,6793.8209,0.4694
2025-10-01,6901.8127,0.6122
2025-10-03,6963.4573,0.6122
2025-10-06,6973.4637,0.6327
2025-10-07,6987.9346,0.6327
2025-10-08,6947.9819,0.5918
2025-10-09,6949.0824,0.6327
2025-10-10,7007.2231,0.6939
2025-10-13,6944.4377,0.6531
2025-10-14,6868.9908,0.5714
2025-10-15,6926.2307,0.5918
2025-10-16,6939.8906,0.6122
2025-10-17,6873.8611,0.551
2025-10-20,6919.4966,0.6327
2025-10-21,6964.5289,0.6327
2025-10-23,6945.4335,0.6939
2025-10-24,6934.8045,0.6735
2025-10-27,6993.8674,0.6735
2025-10-28,6994.1503,0.6327
2025-10-29,7065.9948,0.6939
2025-10-30,7057.166,0.6735
2025-10-31,7009.5089,0.5714
2025-11-03,7046.4404,0.6122
2025-11-04,7007.8922,0.5102
2025-11-06,6845.8786,0.449
2025-11-07,6841.9726,0.4082
2025-11-10,6823.3831,0.3878
2025-11-11,6820.8737,0.3673
2025-11-12,6889.1776,0.3878
2025-11-13,6921.0481,0.3673
2025-11-14,6933.4142,0.3878
2025-11-17,6975.4064,0.3673
2025-11-18,6884.8306,0.3469
2025-11-19,6886.5518,0.3878
2025-11-20,6865.3728,0.3878
2025-11-21,6783.8275,0.3265
2025-11-24,6668.5421,0.2857
2025-11-25,6690.2299,0.2857
2025-11-26,6777.3077,0.3469
2025-11-27,6749.5833,0.3469
2025-11-28,6740.1205,0.3061
2025-12-01,6730.8155,0.3265
2025-12-02,6700.2766,0.3061
2025-12-03,6624.5356,0.2653
2025-12-04,6598.1132,0.2653
2025-12-05,6545.8021,0.2653
2025-12-08,6367.7902,0.2449
2025-12-09,6435.3208,0.2449
2025-12-10,6405.6775,0.2449
2025-12-11,6450.8803,0.2653
2025-12-12,6526.8288,0.3061
2025-12-15,6553.8607,0.3061
2025-12-16,6530.6512,0.2857
2025-12-17,6471.5453,0.2653
2025-12-18,6474.6914,0.2857
2025-12-19,6581.3063,0.2857
2025-12-22,6703.8458,0.3469
2025-12-23,6725.4071,0.3878
2025-12-24,6707.4462,0.3673
2025-12-26,6689.1594,0.3673
2025-12-29,6601.9533,0.3673
2025-12-30,6576.305,0.3265
2025-12-31,6638.5,0.3469
2026-01-01,6691.0404,0.3673
2026-01-02,6803.1641,0.4898
2026-01-05,6775.7465,0.5306
2026-01-06,6739.0438,0.551
2026-01-07,6736.9091,0.5306
2026-01-08,6543.6508,0.3469
2026-01-09,6419.4023,0.2449
2026-01-12,6382.7895,0.1837
2026-01-13,6377.1129,0.1633
2026-01-14,6390.6686,0.2449
2026-01-15,6390.6686,0.2245
2026-01-16,6339.1541,0.2449
2026-01-19,6280.4537,0.1837
2026-01-20,6067.1847,0.0612
2026-01-21,5982.4284,0.0612
2026-01-22,6089.4763,0.1224
2026-01-23,5913.5639,0.0612
2026-01-27,5948.4863,0.0816
2026-01-28,6167.583,0.2041
2026-01-29,6183.5404,0.2449
2026-01-30,6222.4618,0.2653
2026-02-02,6172.0789,0.2041
2026-02-03,6372.1903,0.3673
2026-02-04,6445.5158,0.4082
2026-02-05,6373.5738,0.3673
2026-02-06,6356.2152,0.3673
2026-02-09,6526.8405,0.5918
2026-02-10,6573.5574,0.5102
2026-02-11,6556.1061,0.5102
2026-02-12,6547.1316,0.5102
2026-02-13,6426.5366,0.4082
2026-02-16,6469.7497,0.4898
2026-02-17,6530.9971,0.5714
2026-02-18,6570.7665,0.5306
2026-02-19,6475.9747,0.3878
2026-02-20,6485.3005,0.449
2026-02-23,6496.8638,0.4898
2026-02-24,6453.315,0.4694
2026-02-25,6448.9658,0.4898
2026-02-26,6490.5156,0.5102
2026-02-27,6438.4627,0.4694
2026-03-02,6305.8707,0.3878
2026-03-04,6135.6555,0.3265
2026-03-05,6264.9993,0.3878
2026-03-06,6266.4553,0.3878
2026-03-09,6136.8788,0.3265
2026-03-10,6239.2185,0.3878
2026-03-11,6231.861,0.3265
2026-03-12,6283.3295,0.3673
2026-03-13,6058.2182,0.3061
2026-03-16,5979.7963,0.2449
2026-03-17,6036.491,0.2857
2026-03-18,6175.1561,0.3061
2026-03-19,5997.6826,0.2245
2026-03-20,6078.7531,0.3061
2026-03-23,5798.4779,0.1429
2026-03-24,5917.0752,0.2245
2026-03-25,6037.2786,0.3265
2026-03-27,5855.9812,0.2449
2026-03-30,5657.9539,0.1429
2026-04-01,5917.6617,0.2041
2026-04-02,5927.9248,0.1837
2026-04-06,6019.5003,0.2653
2026-04-07,6052.7434,0.2653
2026-04-08,6332.6568,0.5102
2026-04-09,6353.8287,0.5306
2026-04-10,6502.3514,0.6327
2026-04-13,6530.7432,0.6327
2026-04-15,6742.4304,0.8163
2026-04-16,6830.1009,0.8367
2026-04-17,6916.4758,0.8367
2026-04-20,6903.213,0.8367
2026-04-21,6970.2722,0.8776
2026-04-22,7060.5671,0.8776
2026-04-23,7040.5542,0.8776
2026-04-24,6936.3001,0.8367
2026-04-27,7149.9022,0.8776
2026-04-28,7227.0037,0.8776
2026-04-29,7197.4242,0.8776
2026-04-30,7060.912,0.8367
2026-05-01,7060.912,0.7347
2026-05-04,7225.0215,0.8571
2026-05-05,7361.2587,0.8367
2026-05-06,7480.767,0.898
2026-05-07,7572.7091,0.9184
2026-05-08,7626.9476,0.9184
